post_id,date,author,admin_feed_number,post_format,post_link,hook,hook_category,awareness_stage,awareness_reason,topic_category,icp_primary,impressions_current,clicks_export,ctr_export_pct,reactions_current,comments_current,reposts_current,video_views_current,impressions_export,reactions_export,comments_export,reposts_export,follows_export,engagement_rate_export_pct,full_caption,data_source_notes
e3b281d5baa4,2025-11-26,Rafael Bianchini,34,Image,,Rafael Bianchini Rafael Bianchini,Statement,Most aware,"Direct action, hiring, website, or explicit commercial CTA.",Talent / Recruiting,,221,,,1,0,0,,,,,,,,"Rafael Bianchini
Rafael Bianchini
   • 1st
Verified • 1st
Gerente de Produção / Engenheiro de Produção/ Especialização Gestão de Pessoas / Lean Manufacturing
Gerente de Produção / Engenheiro de Produção/ Especialização Gestão de Pessoas / Lean Manufacturing
5mo •

5 months ago • Visible to anyone on or off LinkedIn
Vagas Empresa Lifetrek-Medical
Candidate-se:

https://lnkd.in/duDeUQkF",caption/current reactions and available current metrics from LinkedIn admin page snapshot 2026-05-01; no matching raw content export row
8583146d6870,2026-01-09,Vanessa Martin,32,Image,https://www.linkedin.com/feed/update/urn:li:activity:7415391034399977473,Nosso site está no ar https://lnkd.in/dVeHqN6m,Statement,Most aware,"Direct action, hiring, website, or explicit commercial CTA.",Institutional / Website Launch,,862,66,7.932691999999999,13,2,1,,832,13,2,1,,9.8557696,"Nosso site está no ar https://lnkd.in/dVeHqN6m
Serviços de alta precisão e qualidade de referência global no desenvolvimento e fabricação de material médico cirúrgico metálico.",caption/current reactions and available current metrics from LinkedIn admin page snapshot 2026-05-01; export metrics/link from lifetrek-medical_content_1772219521830.xls
a2b41801ddda,2026-01-09,Vanessa Martin,33,Text / unknown,https://www.linkedin.com/feed/update/urn:li:activity:7415359676285882368,VAGA DE EMPREGO NA LIFETREK MEDICAL,Statement,Most aware,"Direct action, hiring, website, or explicit commercial CTA.",Talent / Recruiting,Candidatos/Operadores CNC,583,37,6.5026365,9,0,3,,569,9,0,3,0,8.6115994,"VAGA DE EMPREGO NA LIFETREK MEDICAL

Descrição da Empresa:
A Lifetrek Medical é uma empresa de usinagem especializada em implantes e instrumentais de alta precisão para o setor médico. Com tecnologia avançada e processos certificados, desenvolvemos soluções personalizadas, priorizando qualidade, segurança e eficiência produtiva. Nosso parque fabril e equipe técnica altamente qualificada seguem rigorosamente as normas ISO 13485, assegurando a entrega de produtos confiáveis e de excelência.

Descrição do Cargo:
Estamos em busca de um Operador de Usinagem para integrar nossa equipe em Indaiatuba, SP. As principais atividades incluem operar e ajustar máquinas de usinagem, realizar inspeções das peças usinadas com instrumentos de medição e interpretar desenhos técnicos. Este é um cargo presencial e de tempo integral, com foco em assegurar a qualidade e precisão na produção de componentes médicos.

Necessário
2º Grau completo;
Experiência em CNC / Cabeçote Móvel;
Disponibilidade de Turnos.

Contato:
WhatsApp: 19-99600-8111
e-mail: rbianchini@lifetrek-medical.com",caption/current reactions and available current metrics from LinkedIn admin page snapshot 2026-05-01; export metrics/link from lifetrek-medical_content_1772219521830.xls; matched scored analytics CSV
0a765b3942b5,2026-01-21,Rafael Almeida,31,Image,https://www.linkedin.com/feed/update/urn:li:activity:7419816088403783680,"O CAD aceita tudo. A máquina, não.",Statement,Product-aware,Reader is being shown why Lifetrek's specific capability or process is the answer.,DFM / Manufacturability,P&D/Engenharia de Produto (OEM),294,8,2.8469751000000003,6,0,0,,281,6,0,0,0,4.9822062,"O CAD aceita tudo. A máquina, não.

Muitos projetos de dispositivos médicos morrem antes de virar metal porque o ""perfeito"" na tela é impossível na prática. O erro mais caro no desenvolvimento não é desenhar errado. É ignorar o DFM (Design for Manufacturing) até o dia da cotação.

Se você é engenheiro de P&D ou Qualidade, já viveu isso: receber a cotação absurda de uma peça que no CAD parecia simples. Ou pior: descobrir na primeira amostra que a tolerância inviabiliza a montagem cirúrgica.

Antes de enviar seu próximo projeto, valide estes 3 pontos:

Escoamento de cavaco: A geometria permite a evacuação sem quebrar a ferramenta?

Tolerâncias: Elas são funcionais para o cirurgião ou apenas tornam a peça inviável para fabricar?

Conformidade: O processo gera evidência para a ISO 13485 e ANVISA desde o primeiro setup?

Na Lifetrek Medical, unimos 30 anos de experiência a tecnologias como tornos Citizen para garantir que seu projeto passe da aprovação para a primeira peça em semanas, não meses, com evidência completa desde o setup.

#MedTech
#DFM
#DesignForManufacturing
#DispositivosMedicos
#ISO13485
#UsinagemDePrecisao",caption/current reactions and available current metrics from LinkedIn admin page snapshot 2026-05-01; export metrics/link from lifetrek-medical_content_1772219521830.xls; matched scored analytics CSV
c43d798184ba,2026-01-22,Rafael Almeida,30,Carousel / multi-image (2+ images visible),,Medicina personalizada não é mais slide de congresso – é o desafio real batendo na porta do P&D.,Statement,Product-aware,Reader is being shown why Lifetrek's specific capability or process is the answer.,Personalized Medicine,P&D/Engenharia Clinica (OEM),242,59,26.58,9,0,0,,222,9,0,0,0,30.63,"Medicina personalizada não é mais slide de congresso – é o desafio real batendo na porta do P&D.

Três perguntas que todo time de desenvolvimento deveria responder antes de escalar implantes personalizados:

1. O desenho é usinável em série? Geometrias finas e furos profundos exigem usinagem de alta complexidade como a Citizen M32, senão cada peça vira um experimento caro.

2. As tolerâncias acompanham o que o paciente precisa? Precisão de mícron tem que estar onde impacta a biomecânica e a interface osso/implante, não espalhada de forma genérica encarecendo o projeto.

3. O fluxo está pronto para rastrear caso a caso? Do CAD à Sala Limpa, a documentação é o coração do processo. A conformidade com a ISO 13485 tem que aparecer em cada etapa.

Do conceito ao laudo dimensional: transformamos variação anatômica em processo estável.

Na Lifetrek Medical, usamos mais de 30 anos de experiência em fabricação técnica para garantir que o design vire metal com a mesma segurança de um produto de linha.

#MedicinaPersonalizada
#PD
#Implantes
#UsinagemDePrecisao
#ISO13485
#LifetrekMedical",caption/current reactions and available current metrics from LinkedIn admin page snapshot 2026-05-01; no matching raw content export row; matched scored analytics CSV
e3edd011bc25,2026-01-23,Rafael Almeida,29,Image,https://www.linkedin.com/feed/update/urn:li:activity:7420562949184040962,Em 2020/21 a cadeia global tremeu.,Statement,Solution-aware,Reader likely knows the class of solution and is evaluating how to approach it.,Supply Chain / Local Manufacturing,Supply Chain/Diretoria (OEM),201,18,9.6256681,6,1,0,,187,6,1,0,0,13.3689836,"Em 2020/21 a cadeia global tremeu.

Em 2026, quem ainda estiver apostando tudo em importação vai aprender isso de novo – mais caro.

Em conversas com diretores de Supply Chain, CEOs e gestores de risco em dispositivos médicos, vemos sempre os mesmos 5 riscos aparecendo:

1️⃣ Dependência de uma única região/país
Um choque geopolítico, uma sanção, um lockdown local… e de repente o componente crítico do seu implante não chega. “Single‑sourcing” em um país deixou de ser eficiência e virou vulnerabilidade.

2️⃣ Volatilidade de câmbio e matérias‑primas
Titânio, aços especiais, polímeros – tudo precificado em dólar/euro. Cada oscilação corrói margem, torna o custo real do produto imprevisível e complica precificação de longo prazo.

3️⃣ Logística global instável
Fretes caros, prazos de 90+ dias, gargalos em portos e aeroportos. Para não faltar produto, a saída é aumentar estoque… e isso leva ao próximo risco.

4️⃣ Capital preso em estoque de segurança
Manter 6–12 meses de componentes na prateleira imobiliza milhões que poderiam estar em P&D, expansão, M&A. É o “custo invisível” da insegurança de abastecimento.

5️⃣ Risco de qualidade e compliance em fornecedores
Fornecedores sem ISO 13485 robusto, metrologia séria e rastreabilidade completa aumentam o risco de NC, recalls e dores com ANVISA / FDA / MDR. No fim, quem paga a conta é o detentor do registro.

Uma resposta que temos visto ganhar força é produção local de padrão global

Ou seja: nearshoring em um parceiro com ISO 13485, metrologia avançada e capacidade de escala que reduza:

exposição a câmbio e logística internacional
lead time de meses para semanas
necessidade de estoques gigantes de segurança

É esse papel que a Lifetrek Medical assume para fabricantes de implantes, instrumentais e dispositivos médicos que querem reduzir dependência externa sem abrir mão de qualidade e rastreabilidade.

#SupplyChain
#DispositivosMedicos
#GestaoDeRisco
#MedTech
#ISO13485
#LifetrekMedical",caption/current reactions and available current metrics from LinkedIn admin page snapshot 2026-05-01; export metrics/link from lifetrek-medical_content_1772219521830.xls; matched scored analytics CSV
46b6787e129d,2026-01-27,Rafael Almeida,28,Image,https://www.linkedin.com/feed/update/urn:li:activity:7421878224869036032,A Física por Trás da Validação de Implantes: Por que 3D + CNC?,Question,Solution-aware,Reader likely knows the class of solution and is evaluating how to approach it.,Prototype-to-Scale / Industrialization,P&D/Engenharia de Produto (OEM),359,11,3.1791907,10,0,0,,346,10,0,0,0,6.069364,"A Física por Trás da Validação de Implantes: Por que 3D + CNC?

A falha por fadiga em implantes de carga não é um “inconveniente técnico”. É um evento clínico catastrófico que exige cirurgias de revisão e gera custos massivos.

O maior erro na corrida por novos dispositivos espinhais é confiar a validação mecânica apenas a protótipos as-built de Manufatura Aditiva (MA). A metalurgia é clara: a rugosidade superficial da impressão 3D age como milhares de micro-entalhes, reduzindo o limite de fadiga do Ti-6Al-4V em até 70% em relação ao material forjado.

Para a FDA e ANVISA, isso representa um risco inaceitável de nucleação de trincas e geração de debris metálicos. O novo paradigma para acelerar o Time-to-Market sem sacrificar a segurança é a Manufatura Híbrida Estratégica:

🔹 Aditiva (L-PBF) para a Biologia: Use a impressão 3D para criar geometrias complexas e estruturas latticeque mimetizam o osso trabecular e aceleram a osseointegração.

🔹 Subtrativa (Swiss-type) para a Mecânica: A usinagem de precisão não serve apenas para estética. Ela remove a camada superficial defeituosa e, crucialmente, induz tensões residuais compressivas que atuam como um ""escudo invisível"" contra a propagação de trincas.

Na Lifetrek Medical, integramos esses dois mundos utilizando tornos Citizen com tecnologia LFV (Low Frequency Vibration).

Esse processo preserva a integridade metalúrgica e garante componentes que passam nos testes de fadiga (ASTM F1717) na primeira tentativa, operando sob o rigor da ISO 13485.

Dato Técnico: Enquanto o limite de fadiga da MA bruta oscila entre 150-350 MPa, a usinagem de precisão eleva esse patamar para 500-650 MPa, garantindo a sobrevida de milhões de ciclos exigida para a coluna vertebral.

#EngenhariaMedica
#ImplantesOrtopedicos
#ManufaturaHibrida
#FadigaDeMaterial
#MedTech
#CitizenLFV
#LifetrekMedical",caption/current reactions and available current metrics from LinkedIn admin page snapshot 2026-05-01; export metrics/link from lifetrek-medical_content_1772219521830.xls; matched scored analytics CSV
db3d5c3e8310,2026-01-28,Rafael Almeida,27,Image,https://www.linkedin.com/feed/update/urn:li:activity:7422335648432521216,A transição do protótipo para a produção em escala é um dos momentos mais críticos no desenvolvimento de um dispositivo médico.,Statement,Most aware,"Direct action, hiring, website, or explicit commercial CTA.",Prototype-to-Scale / Industrialization,P&D + Operacoes (OEM),314,6,2.0066889,7,0,0,,299,7,0,0,0,4.3478262,"A transição do protótipo para a produção em escala é um dos momentos mais críticos no desenvolvimento de um dispositivo médico.

É nessa fase que aumentam os riscos técnicos, operacionais e regulatórios especialmente quando há troca de fornecedores e perda de conhecimento do processo.

Na Lifetrek Medical, esse risco simplesmente não existe.

Com mais de 30 anos de experiência, máquinas CNC Swiss-type de alta precisão como a Citizen M32, salas limpas ISO Classe 7 e eletropolimento interno, acompanhamos seu produto desde protótipos ESD até lotes de produção acima de 10.000 unidades, tudo sob o mesmo teto.

O resultado é continuidade técnica, rastreabilidade completa e escala industrial sem rupturas, sempre em conformidade com certificação ISO 13485:2016

Menos risco. Menos retrabalho. Mais velocidade e segurança para chegar ao mercado.

Pronto para escalar seu dispositivo médico com confiança?

#MedTech
#DispositivosMédicos
#Manufatura
#Prototipagem
#ProduçãoEmEscala
#Industrialização
#ISO13485
#ANVISA
#LifetrekMedical",caption/current reactions and available current metrics from LinkedIn admin page snapshot 2026-05-01; export metrics/link from lifetrek-medical_content_1772219521830.xls; matched scored analytics CSV
3260625f9824,2026-02-05,Rafael Almeida,26,Carousel / multi-image (3+ images visible),https://www.linkedin.com/feed/update/urn:li:activity:7425274535676997632,Você pode ter o melhor design e o material mais nobre.,Statement,Problem-aware,Hook frames an operational or regulatory pain before selling a specific vendor.,Cleanroom / Contamination Control,Qualidade/Regulatorio (OEM),339,80,25.8899689,9,1,1,,309,9,1,1,0,29.4498384,"Você pode ter o melhor design e o material mais nobre.
Mas se o ar da sua linha de produção não for controlado, o risco de contaminação pode comprometer tudo.

Por isso investimos em salas limpas projetadas especificamente para implantes e instrumentais – não apenas paredes brancas para impressionar em auditoria.

🔹 Ambiente controlado
Controle rigoroso de partículas, pressão positiva e fluxo de ar pensado para evitar contaminação cruzada.

🔹 Filtração de ar avançada
Sistemas HVAC com filtros HEPA que removem contaminantes microscópicos antes que cheguem perto do seu dispositivo.

🔹 Acesso seguro e pass-throughs
Movimentação de pessoas e materiais por antecâmaras e caixas de passagem dedicadas, reduzindo drasticamente o risco de contaminação.

Para nossos clientes isso significa: menos desvios de qualidade, menos dor de cabeça em auditorias e mais confiança na segurança do produto que chega ao paciente.

📩 Tem um projeto que exige ambiente controlado?",caption/current reactions and available current metrics from LinkedIn admin page snapshot 2026-05-01; export metrics/link from lifetrek-medical_content_1772219521830.xls; matched scored analytics CSV
23217add7736,2026-02-11,Rafael Almeida,24,Image,https://www.linkedin.com/feed/update/urn:li:activity:7427441322145542144,"No seu P&L, sustentabilidade é custo extra ou vantagem competitiva?",Question,Solution-aware,Reader likely knows the class of solution and is evaluating how to approach it.,Sustainability / Manufacturing Efficiency,Financeiro/Operacoes (OEM),121,3,3.3707864999999995,5,0,0,,89,5,0,0,0,8.988764100000001,"No seu P&L, sustentabilidade é custo extra ou vantagem competitiva?

Quando falamos de implantes e instrumentais, “ser sustentável” não é só ter um relatório bonito.

É reduzir desperdício de titânio e PEEK, cortar retrabalho, usar menos horas‑máquina à toa e parar de pagar frete internacional desnecessário.
Em muitos fabricantes, o que mais pesa não é o consumo de energia da máquina, e sim:

Refugo por DFM mal feito
Sobremetal exagerado virando cavaco
Lotes refeitos por NC
Estoque parado porque o lead time é de 90+ dias

Na Lifetrek Medical, a conversa de sustentabilidade começa no processo, não no marketing:

DFM para reduzir remoção de material e refugo
Usinagem CNC Swiss‑type otimizada, com menos ciclos mortos e maior estabilidade

Cadeia de suprimentos local ISO 13485 + ANVISA, que reduz transporte internacional e estoques excessivos

O resultado é simples:
🔹 Menos impacto ambiental por peça aprovada
🔹 Menor custo total de manufatura ao longo do ano
🔹 Mais previsibilidade na cadeia de suprimentos

Sustentabilidade, aqui, é consequência de engenharia bem feita.",caption/current reactions and available current metrics from LinkedIn admin page snapshot 2026-05-01; export metrics/link from lifetrek-medical_content_1772219521830.xls; matched scored analytics CSV
6c8e9c6734eb,2026-02-11,Rafael Almeida,25,Image,https://www.linkedin.com/feed/update/urn:li:activity:7427365874749181952,"Pureza não é um diferencial, é um requisito regulatório crítico.",Statement,Most aware,"Direct action, hiring, website, or explicit commercial CTA.",Cleanroom / Contamination Control,Qualidade/Regulatorio (OEM),221,7,3.8043477,8,0,0,,184,8,0,0,0,8.1521742,"Pureza não é um diferencial, é um requisito regulatório crítico.

Muitos fabricantes operam no limite da ISO 8. Mas, em dispositivos Classe II e III (implantes e instrumentais cirúrgicos), a margem para erro é zero.

Na Lifetrek Medical, elevamos o padrão: salas limpas ISO 7 validadas para projetos que não podem falhar. O que isso significa na prática para você?

✅ Redução real de risco
Até 10x menos partículas por m³ em relação à ISO 8. Menos contaminantes, menor probabilidade de falhas pós‑cirúrgicas e eventos adversos.

✅ Agilidade regulatória
Infraestrutura certificada ISO 13485 e ambiente ISO 7 validado, facilitando auditorias e aprovações junto à ANVISA e demais órgãos.

✅ Manufatura de alta precisão protegida
Usinagem CNC Citizen em titânio e PEEK dentro de ambiente controlado, garantindo que a peça saia da máquina com integridade preservada até a embalagem estéril.

Para nós, conformidade não é destino final – é o ponto de partida de cada lote que entregamos.

Se o seu projeto exige rigor máximo em limpeza, rastreabilidade e precisão, somos o parceiro certo.

🔗 Precisa de segurança absoluta na sua cadeia de suprimentos?

#LifetrekMedical
#Qualidade
#AssuntosRegulatorios
#ISO7
#ISO13485
#DispositivosMedicos
#MedicalManufacturing
#EngenhariaMedica",caption/current reactions and available current metrics from LinkedIn admin page snapshot 2026-05-01; export metrics/link from lifetrek-medical_content_1772219521830.xls; matched scored analytics CSV
3515b2b7afec,2026-02-16,Rafael Almeida,23,Image,,"Em dispositivos médicos, “parece certo” não é suficiente.",Statement,Product-aware,Reader is being shown why Lifetrek's specific capability or process is the answer.,Metrology / Dimensional Validation,Qualidade/Engenharia de Produto (OEM),681,5,0.95,22,0,2,,525,17,0,2,0,4.57,"Em dispositivos médicos, “parece certo” não é suficiente.

Para implantes, instrumentais e componentes críticos, a pergunta é:
“Você mede o que importa ou só o que é fácil de medir?”

Na Lifetrek Medical, usamos a CMM ZEISS Contura como peça central do nosso sistema de qualidade:

🔹 Medição em escala de mícron
Geometrias complexas (roscas, perfis 3D, transições suaves, canais internos) medidas de forma repetível, não por comparação visual.

🔹 Planos de medição alinhados ao risco
Cada feature crítica do seu desenho vira um ponto de controle no programa da CMM – o foco é garantir função e confiança em fadiga e montagem.

🔹 Relatórios prontos para ANVISA / FDA / clientes globais
Laudos dimensionais completos, amarrados a lote, matéria‑prima, programa CNC, equipamento e data de calibração.

Isso reduz discussões técnicas na inspeção de recebimento, encurta investigações de NC e deixa seus dossiês regulatórios mais sólidos.

#Metrologia
#Qualidade
#DispositivosMedicos
#ZEISS
#ISO13485
#LifetrekMedical",caption/current reactions and available current metrics from LinkedIn admin page snapshot 2026-05-01; no matching raw content export row; matched scored analytics CSV
b618a0de345b,2026-02-19,Rafael Almeida,22,Carousel / multi-image (2+ images visible),,"""Tamanho único"" funciona bem… até deixar de funcionar.",Statement,Most aware,"Direct action, hiring, website, or explicit commercial CTA.",Personalized Medicine,P&D/Engenharia Clinica (OEM),204,9,7.14,7,0,1,,126,4,0,1,0,11.11,"""Tamanho único"" funciona bem… até deixar de funcionar.

Em ortopedia, coluna e recon, todo mundo conhece casos em que:

A anatomia foge do padrão,
O paciente já passou por múltiplas cirurgias,
Ou o protocolo cirúrgico exige algo que o catálogo não oferece.

Nesses cenários, insistir em implantes e instrumentais genéricos pode significar:

maior tempo de sala,
maior risco de complicações,
e, às vezes, improvisos que ninguém gostaria de ver.

Medicina personalizada não é só imprimir qualquer coisa em 3D:

🔹 começa no entendimento clínico do caso,
🔹 passa por projeto e DFM sérios,
🔹 e termina em manufatura de precisão com materiais de grau implante, metrologia robusta e rastreabilidade completa.

Na Lifetrek Medical, atuamos como parceiro de OEMs e times cirúrgicos que precisam transformar casos complexos em soluções fabricáveis:

Materiais biocompatíveis (Ti, PEEK, etc.)
Usinagem CNC em tolerâncias de mícron
Fluxo de validação mecânica e documentação alinhado a ISO 13485

👉 Se você tem um caso em que o “padrão” não resolve – seja em implante ou instrumental – comente “PERSONALIZADO”, ou fale com nossa equipe

#MedicinaPersonalizada
#DispositivosMedicos
#Ortopedia
#Coluna
#EngenhariaMedica
#LifetrekMedical",caption/current reactions and available current metrics from LinkedIn admin page snapshot 2026-05-01; no matching raw content export row; matched scored analytics CSV
c635aeb6ad24,2026-02-24,Rafael Almeida,21,Image,https://www.linkedin.com/feed/update/urn:li:activity:7432152343695011840,"ANVISA, FDA, ISO 13485, dossiês, validação, rastreabilidade.",Statement,Product-aware,Reader is being shown why Lifetrek's specific capability or process is the answer.,DFM / Manufacturability,Qualidade/Regulatorio (OEM),135,5,6.4935066,4,0,0,,77,3,0,0,0,10.3896104,"ANVISA, FDA, ISO 13485, dossiês, validação, rastreabilidade.
Para quem fabrica dispositivos médicos, conformidade não é opcional.
Mas também não precisa virar um segundo emprego para o seu time de P&D.

Na Lifetrek Medical, a cadeia regulatória já vem embutida na manufatura:

processos validados para implantes, instrumentais e kits;
dossiês técnicos completos, da qualificação de processo à liberação de lote;
rastreabilidade de matéria‑prima, parâmetros críticos e inspeções;

suporte direto ao seu time em auditorias e submissões regulatórias.

Resultado: você foca em inovação e portfólio, enquanto nós garantimos que cada peça que sai da linha está pronta para passar pelo crivo de ANVISA e FDA.

Lifetrek Medical · Produção local de padrão global para dispositivos médicos.",caption/current reactions and available current metrics from LinkedIn admin page snapshot 2026-05-01; export metrics/link from lifetrek-medical_content_1772219521830.xls; matched scored analytics CSV
cb131daccd28,2026-02-25,Rafael Almeida,20,Image,https://www.linkedin.com/feed/update/urn:li:activity:7432420371867373568,"Por trás de todo dispositivo médico que chega com segurança ao paciente, existe uma cadeia silenciosa de fabricação que não pode falhar.",Statement,Problem-aware,Hook frames an operational or regulatory pain before selling a specific vendor.,Supply Chain / Local Manufacturing,Operacoes/Supply Chain (OEM),154,5,8.196721199999999,6,0,0,,61,2,0,0,0,11.4754096,"Por trás de todo dispositivo médico que chega com segurança ao paciente, existe uma cadeia silenciosa de fabricação que não pode falhar.

Da nossa planta em Indaiatuba, atendemos OEMs em toda a América com três compromissos muito simples de medir:

Precisão em larga escala para implantes, instrumentais e kits.
Rastreabilidade total de lote, matéria‑prima e processo.
Consistência de processo para que cada nova ordem saia igual à anterior.

Há mais de 30 anos, a Lifetrek Medical tem sido o parceiro de bastidor de algumas das principais marcas de dispositivos médicos do mundo.

Nosso trabalho não aparece no rótulo, mas aparece nos indicadores de qualidade, nas auditorias e na tranquilidade de quem assina o registro.

Se você é OEM e está avaliando:
expandir capacidade sem abrir uma nova planta,
reduzir dependência de importação,
ou aumentar a robustez da sua cadeia de fornecimento na América,
podemos ser a extensão da sua engenharia e do seu time de operações em solo brasileiro.",caption/current reactions and available current metrics from LinkedIn admin page snapshot 2026-05-01; export metrics/link from lifetrek-medical_content_1772219521830.xls; matched scored analytics CSV
7169bff95738,2026-02-26,Rafael Almeida,19,Image,,"Na maioria das fábricas, qualidade é um departamento.",Statement,Problem-aware,Hook frames an operational or regulatory pain before selling a specific vendor.,Metrology / Dimensional Validation,Qualidade/Regulatorio (OEM),178,2,4.26,5,0,0,,47,4,0,0,0,12.77,"Na maioria das fábricas, qualidade é um departamento.
Na nossa, é o produto.

Porque para quem fabrica dispositivos médicos, “quase dentro da tolerância” ainda é fora da especificação.

Um micrômetro a mais pode ser a diferença entre cura e dano.

É por isso que:

Tratamos cada componente crítico como se fosse implantado em alguém da nossa família.
Fazemos 100% de inspeção das dimensões críticas, com CMM Zeiss, sem amostragem confortável.
Operamos em cultura zero defeito, usando CAPA para corrigir o sistema, não só a peça.

O resultado é simples de medir:
menos retrabalho, menos devolução, menos risco regulatório e mais confiança para escalar volume.
Se você é OEM e hoje ainda tem dúvidas sobre:

até onde ir em tolerância sem aumentar custo demais
como desenhar o plano de inspeção certo para cada família de peças
ou se seu fornecedor atual realmente mede o que importa

A Lifetrek Medical avalia, em confidencialidade, onde o risco está e como podemos aumentar a segurança do seu processo.

Qualidade não é um slogan de parede.
É o que sai pela porta todos os dias.",caption/current reactions and available current metrics from LinkedIn admin page snapshot 2026-05-01; no matching raw content export row; matched scored analytics CSV
dfdeca00251c,2026-02-27,Rafael Almeida,18,Image,,"No papel, importar parece mais barato.",Statement,Most aware,"Direct action, hiring, website, or explicit commercial CTA.",Quality / Zero Defect,,176,,,7,0,1,,,,,,,,"No papel, importar parece mais barato.
No DRE, nem sempre.

Quando você soma:

90 dias de lead time vs 30 dias de produção local
3–6 meses de estoque parado (capital congelado)
exposição ao câmbio
risco de recall com fornecedor em outro país
… o “preço por peça” deixa de ser o número que importa.

Se a sua equipe precisa de previsibilidade (qualidade, prazo, rastreabilidade), o ponto não é prometer, é ter processo e dados.
Estamos abrindo espaço para analisar, de forma confidencial, o custo real de alguns SKUs específicos:

Só para fabricantes com etapa fabril no Brasil (planta própria ou etapa produtiva local controlada).
Não se aplica a distribuidores/importadores com apenas escritório comercial.

Comente CUSTO REAL ou entre em contato que fazemos a comparação importado vs produção local.",caption/current reactions and available current metrics from LinkedIn admin page snapshot 2026-05-01; no matching raw content export row
8b71ce810010,2026-03-04,Rafael Almeida,17,Image,https://www.linkedin.com/feed/update/urn:li:activity:7435047681699459073,"Em dispositivos médicos, o maior desafio não é produzir o primeiro protótipo.",Statement,Problem-aware,Hook frames an operational or regulatory pain before selling a specific vendor.,Prototype-to-Scale / Industrialization,,191,33,18.3333337,7,0,0,,180,7,0,0,,22.2222224,"Em dispositivos médicos, o maior desafio não é produzir o primeiro protótipo.

É manter o mesmo resultado em 100, 1.000 ou 10.000 peças.

Na Lifetrek Medical, o caminho do conceito à escala é estruturado para reduzir esse risco:

seu protótipo pode ser desenvolvido na mesma plataforma de manufatura usada na produção seriada.

Mesmo direcionamento de processo, mesmos padrões de qualidade, mais continuidade técnica.

Assim, seu time pode evoluir de lotes iniciais para volumes maiores com menos retrabalho, menos perda de conhecimento e menor necessidade de requalificação.

Também oferecemos feedback de DFM nas primeiras etapas para acelerar iterações com P&D e apoiar decisões de escalabilidade com mais confiança.

Para OEMs que estão desenvolvendo novos implantes, instrumentais e componentes, isso significa menos incerteza na validação e mais previsibilidade no ramp-up de produção.",caption/current reactions and available current metrics from LinkedIn admin page snapshot 2026-05-01; export metrics/link from lifetrek-medical_content_1775127633404.xls
d3000decfdf9,2026-03-05,Rafael Almeida,16,Image,https://www.linkedin.com/feed/update/urn:li:activity:7435420466879721472,"Em dispositivos médicos, cada novo fornecedor adiciona um novo ponto de falha.",Statement,Product-aware,Reader is being shown why Lifetrek's specific capability or process is the answer.,Cleanroom / Contamination Control,,187,15,8.522727300000001,5,0,0,,176,5,0,0,,11.3636367,"Em dispositivos médicos, cada novo fornecedor adiciona um novo ponto de falha.

Mais handoffs.
Mais documentos para controlar.
Mais risco de variação entre lotes.

Na Lifetrek Medical, trabalhamos com um fluxo integrado: do titânio bruto ao pacote estéril.

Usinagem CNC, acabamento de superfície, metrologia e embalagem em sala limpa em um único parceiro.

Escalamos de 1 a 10.000 unidades sem trocar de fornecedor, sem perder conhecimento de processo e sem requalificar tudo de novo.

Para OEMs, isso significa cadeia mais simples, menos variáveis para gerenciar e mais previsibilidade para escalar implantes, instrumentais e kits.",caption/current reactions and available current metrics from LinkedIn admin page snapshot 2026-05-01; export metrics/link from lifetrek-medical_content_1775127633404.xls
c236c9ece1d3,2026-03-10,Rafael Almeida,15,Video,https://www.linkedin.com/feed/update/urn:li:activity:7437145982582022145,Você já questionou se uma sala limpa ISO 7 no Brasil consegue realmente competir com o padrão das plantas europeias que você visita?,Question,Solution-aware,Reader likely knows the class of solution and is evaluating how to approach it.,Cleanroom / Contamination Control,,,16,5.992509399999999,11,0,1,132,267,10,0,1,,10.112359399999999,"Você já questionou se uma sala limpa ISO 7 no Brasil consegue realmente competir com o padrão das plantas europeias que você visita?

Na Lifetrek, a resposta não vem só em certificados. Vem em projeto de risco.

Nossa Sala Limpa ISO 7 foi construída para reduzir a chance de um problema crítico no último elo da cadeia:
protocolos rígidos de acesso e paramentação,
monitoramento contínuo de partículas e condições ambientais,
fluxos que minimizam manuseio e retrabalho,
rastreabilidade completa de lote, processo e liberação.

Para OEMs que avaliam nacionalizar dispositivos médicos, isso significa:

Conformidade alinhada à ISO 13485 e ANVISA,
Menos motivos para se preocupar com recall por contaminação ou embalagem,
Um parceiro técnico que aguenta auditoria global, não um fornecedor genérico.

No fim desta cadeia produtiva, não existe “mais um lote”. Existe um paciente. É isso que orienta cada decisão de engenharia aqui dentro.",caption/current reactions and available current metrics from LinkedIn admin page snapshot 2026-05-01; export metrics/link from lifetrek-medical_content_1775127633404.xls
1f40ae45246a,2026-03-12,Rafael Almeida,14,Image,https://www.linkedin.com/feed/update/urn:li:activity:7437949989055660032,"Em implantes com geometria complexa, o problema muitas vezes não está no CAD, mas na quantidade de setups até a peça final.",Statement,Problem-aware,Hook frames an operational or regulatory pain before selling a specific vendor.,Metrology / Dimensional Validation,,498,18,3.8297873000000004,15,1,0,,470,15,1,0,,7.2340428999999995,"Em implantes com geometria complexa, o problema muitas vezes não está no CAD, mas na quantidade de setups até a peça final.

Cada mudança de máquina e reposicionamento acumula desvio, e quem sente isso é o time de qualidade na metrologia, não o fornecedor no orçamento.

Com tornos suíços Citizen L20/M32, integramos roscas finas, canais internos e perfis cônicos em uma única fixação, no mesmo programa CNC que vai da peça piloto à série.

Resultado: menos variação dimensional lote a lote, menos retrabalho e mais confiança para validar geometrias críticas em dispositivos médicos.",caption/current reactions and available current metrics from LinkedIn admin page snapshot 2026-05-01; export metrics/link from lifetrek-medical_content_1775127633404.xls
2b5fb9937b93,2026-03-13,Rafael Almeida,13,Image,https://www.linkedin.com/feed/update/urn:li:activity:7438213392160628736,"Em dispositivos médicos, UDI não é só um código. É o que conecta um evento adverso de volta ao fabricante, ao lote e ao paciente certo.",Statement,Product-aware,Reader is being shown why Lifetrek's specific capability or process is the answer.,Regulatory Traceability / UDI,,268,13,5.3941909,9,1,0,,241,9,1,0,,9.5435686,"Em dispositivos médicos, UDI não é só um código. É o que conecta um evento adverso de volta ao fabricante, ao lote e ao paciente certo.

Se a marcação a laser some ou degrada após esterilização, o problema não é estético: é retrabalho regulatório e dor de cabeça em auditorias da ANVISA e mercados internacionais.

Na Lifetrek Medical, tratamos as marcações UDI como parte crítica do projeto do dispositivo:
• Marcação a laser de fibra em Ti Grau 5, 316L e Co‑Cr
• Parâmetros controlados para preservar a integridade da superfície e resistência à corrosão
• Marcações duráveis focadas nos processos rigorosos de esterilização do seu dispositivo
• Documentação (full batch traceability) para suportar submissões e auditorias

Na prática, isso significa para o seu time de P&D e Qualidade:
Menos risco de questionamentos regulatórios
Menos retrabalho de certificação de marcação
Rastreabilidade confiável, com UDI validada e entregue com laudo por lote",caption/current reactions and available current metrics from LinkedIn admin page snapshot 2026-05-01; export metrics/link from lifetrek-medical_content_1775127633404.xls
a8476a8ad81d,2026-03-17,Rafael Almeida,12,Image,https://www.linkedin.com/feed/update/urn:li:activity:7439740296390729728,As decisões de sourcing que você toma hoje definirão sua competitividade em 2026.,Statement,Problem-aware,Hook frames an operational or regulatory pain before selling a specific vendor.,Supply Chain / Local Manufacturing,,152,5,4.6728972,6,0,0,,107,6,0,0,,10.2803737,"As decisões de sourcing que você toma hoje definirão sua competitividade em 2026.

Para CFOs e Diretores de Supply Chain, o Custo Total de Propriedade (TCO) mudou de patamar. Focar apenas no preço unitário da importação agora é um risco estratégico que muitas operações não podem mais suportar.

Tarifas instáveis, custos de frete voláteis e gargalos logísticos globais estão transformando a produção local na escolha óbvia para o de-risking da sua cadeia de suprimentos.

Na Lifetrek Medical, entregamos precisão com padrão suíço-alemão diretamente do Brasil.

Ao nacionalizar seus componentes críticos, você elimina a dependência de fluxos externos, reduz o capital parado em estoques oceânicos e ganha uma agilidade de resposta que a importação simplesmente não consegue acompanhar.

Clareza financeira na decisão Make vs Buy. Resiliência local. Parceria estratégica de longo prazo.",caption/current reactions and available current metrics from LinkedIn admin page snapshot 2026-05-01; export metrics/link from lifetrek-medical_content_1775127633404.xls
9ccfd93deb4c,2026-03-18,Vanessa Martin,11,Image,https://www.linkedin.com/feed/update/urn:li:activity:7440079651361935360,Port-a-cath: Engenharia Nacional Atendendo a uma Demanda Crítica.,Statement,Product-aware,Reader is being shown why Lifetrek's specific capability or process is the answer.,Port-a-cath / Implantable Devices,,358,11,4.7210302,7,0,2,,233,7,0,2,,8.583691,"Port-a-cath: Engenharia Nacional Atendendo a uma Demanda Crítica.

O mercado de dispositivos implantáveis enfrenta um desafio constante: alta demanda e poucos fornecedores capacitados para a complexidade exigida.

Na Lifetrek Medical, estamos preenchendo essa lacuna.

Unimos nossa expertise em usinagem de precisão de metais (titânio e aço inox) com a montagem completa de kits em nossa Sala Limpa ISO 7.

O resultado é um dispositivo com rastreabilidade total, conformidade ISO 13485 e a agilidade de uma produção local.

Do componente metálico ao kit estéril pronto para uso, garantimos a segurança do paciente e a confiabilidade do seu suprimento.

#LifetrekMedical
#DispositivosMedicos
#PortACath
#EngenhariaMedica
#SupplyChain
#ISO13485",caption/current reactions and available current metrics from LinkedIn admin page snapshot 2026-05-01; export metrics/link from lifetrek-medical_content_1775127633404.xls
55e6ce8decab,2026-03-20,Rafael Almeida,10,Image,https://www.linkedin.com/feed/update/urn:li:activity:7440743955689947136,Onde a engenharia encontra a perfeição. Cada mícron inspecionado é um risco eliminado.,Statement,Product-aware,Reader is being shown why Lifetrek's specific capability or process is the answer.,Supply Chain / Local Manufacturing,,200,1,0.9433962,6,0,0,,106,4,0,0,,4.7169812,"Onde a engenharia encontra a perfeição. Cada mícron inspecionado é um risco eliminado.

Para dispositivos médicos críticos, produzir não é o suficiente. É preciso validar. Na Lifetrek Medical, nossa metrologia de ponta atua como o principal guardião da sua cadeia de suprimentos.

Quando realizamos inspeções rigorosas em componentes usinados:
Protegemos sua auditoria (ISO 13485) fornecendo dados reais de conformidade.

Eliminamos o re-work, garantindo o princípio de ""Right First Time"".
Mitigamos riscos de recall, assegurando que o que projetamos é exatamente o que você recebe.

Reduza seu risco regulatório com um parceiro local focado em excelência global.

#LifetrekMedical
#EngenhariaClinica
#Metrologia
#Qualidade
#ISO13485
#FabricacaoDeDispositivos",caption/current reactions and available current metrics from LinkedIn admin page snapshot 2026-05-01; export metrics/link from lifetrek-medical_content_1775127633404.xls
31503d646f1a,2026-03-21,Vanessa Martin,9,Image,,Port-a-cath: Engenharia Nacional Atendendo a uma Demanda Crítica.,Statement,Product-aware,Reader is being shown why Lifetrek's specific capability or process is the answer.,Port-a-cath / Implantable Devices,,,,,7,0,2,,,,,,,,"Port-a-cath: Engenharia Nacional Atendendo a uma Demanda Crítica.

O mercado de dispositivos implantáveis enfrenta um desafio constante: alta demanda e poucos fornecedores capacitados para a complexidade exigida.

Na Lifetrek Medical, estamos preenchendo essa lacuna.

Unimos nossa expertise em usinagem de precisão de metais (titânio e aço inox) com a montagem completa de kits em nossa Sala Limpa ISO 7.

O resultado é um dispositivo com rastreabilidade total, conformidade ISO 13485 e a agilidade de uma produção local.

Do componente metálico ao kit estéril pronto para uso, garantimos a segurança do paciente e a confiabilidade do seu suprimento.

#LifetrekMedical
#DispositivosMedicos
#PortACath
#EngenhariaMedica
#SupplyChain
#ISO13485",caption/current reactions and available current metrics from LinkedIn admin page snapshot 2026-05-01; no matching raw content export row
2866379665a7,2026-03-24,Rafael Almeida,8,Image,https://www.linkedin.com/feed/update/urn:li:activity:7442236522218684416,"Em um parafuso pedicular, frações de milímetro não são detalhe.",Statement,Product-aware,Reader is being shown why Lifetrek's specific capability or process is the answer.,Metrology / Dimensional Validation,,246,12,8.5714288,10,0,0,,140,7,0,0,,13.571429300000002,"Em um parafuso pedicular, frações de milímetro não são detalhe.
Um desvio na rosca que passa batido na usinagem pode virar falha mecânica, reoperação e um problema jurídico sério para quem assina o dispositivo.

Na Lifetrek Medical, tratamos a precisão como um ativo de segurança.
Com tecnologia Citizen Swiss‑Type e planos de medição em CMM ZEISS, controlamos geometrias críticas para parafusos, hastes e componentes de sistemas de coluna com repetibilidade lote a lote.

Na prática, isso significa para fabricantes de implantes:

menos variação dimensional entre lotes e menos retrabalho,
inspeção de recebimento mais enxuta, apoiada em histórico de capabilidade,
menos risco de não conformidades graves chegarem ao centro cirúrgico,
mais confiança dos cirurgiões na sua marca.

A mesma precisão que protege o paciente também protege o seu negócio.",caption/current reactions and available current metrics from LinkedIn admin page snapshot 2026-05-01; export metrics/link from lifetrek-medical_content_1775127633404.xls
1aee842f2f66,2026-04-02,Rafael Almeida,7,Image,https://www.linkedin.com/feed/update/urn:li:activity:7445518256825872384,"Em dispositivos médicos, o maior gargalo de qualidade nem sempre está na usinagem. Muitas vezes, ele aparece quando a amostra chega e falta evidência dimensional suficiente para sustentar a decisão técnica.",Statement,Product-aware,Reader is being shown why Lifetrek's specific capability or process is the answer.,Metrology / Dimensional Validation,,598,31,5.4290719,22,0,0,,571,19,0,0,,8.7565675,"Em dispositivos médicos, o maior gargalo de qualidade nem sempre está na usinagem. Muitas vezes, ele aparece quando a amostra chega e falta evidência dimensional suficiente para sustentar a decisão técnica.

Na Lifetrek Medical, combinamos CMM 3D ZEISS, microscopia Olympus e análise metalográfica para ampliar a leitura dimensional e superficial das peças em desenvolvimento.

Isso nos permite discutir amostras com mais clareza, mais rastreabilidade e menos subjetividade ao longo do desenvolvimento OEM.

Quando a evidência acompanha a peça, a conversa muda: sai a opinião, entra a engenharia.

Na sua operação, o maior gargalo hoje está na medição, na superfície ou na rastreabilidade?

#DispositivosMedicos
#Metrologia
#OEMMedico
#ISO13485
#UsinagemDePrecisao",caption/current reactions and available current metrics from LinkedIn admin page snapshot 2026-05-01; export metrics/link from lifetrek-medical_content_1777119153008.xls
cae5b00edeb1,2026-04-14,Rafael Almeida,6,Carousel / multi-image (2+ images visible),https://www.linkedin.com/feed/update/urn:li:activity:7449821342461362177,Fixação de membranas: pinos ou parafusos?,Question,Solution-aware,Reader likely knows the class of solution and is evaluating how to approach it.,Product engineering tradeoff,,142,19,14.84375,8,0,0,,128,8,0,0,,21.09375,"Fixação de membranas: pinos ou parafusos?
Na prática, não é sobre “qual é melhor”, mas sim sobre qual faz mais sentido para o projeto e para o procedimento.

Em kits de regeneração óssea, a decisão costuma passar por 3 frentes de engenharia:

Geometria e acesso cirúrgico
Condição mecânica esperada do conjunto
Processo de manufatura e controle dimensional

Na LifeTrek, apoiamos esse tipo de decisão com manufatura de precisão para componentes de fixação, com foco em:
repetibilidade de lote,
controle dimensional,
rastreabilidade e documentação do processo.

Seu time avalia o conceito clínico.

A manufatura acompanha com consistência técnica.

#EngenhariaBiomédica
#DispositivosMédicos
#ManufaturaDePrecisão
#ISO13485
#LifeTrek
#OEM
#RegeneraçãoÓssea",caption/current reactions and available current metrics from LinkedIn admin page snapshot 2026-05-01; export metrics/link from lifetrek-medical_content_1777119153008.xls; matched current analytics CSV
79957c5595a3,2026-04-15,Rafael Almeida,5,Image,https://www.linkedin.com/feed/update/urn:li:activity:7450162236502814721,Retrabalho nem sempre aparece como desvio aberto. Muitas vezes ele nasce na validacao dimensional mal amarrada ao processo.,Statement,Solution-aware,Reader likely knows the class of solution and is evaluating how to approach it.,Dimensional validation / metrology,,201,12,6.5217391,6,0,0,,184,6,0,0,,9.782608600000001,"Retrabalho nem sempre aparece como desvio aberto. Muitas vezes ele nasce na validacao dimensional mal amarrada ao processo.

5 erros recorrentes que vemos em projetos industriais:

Medir so no fim do fluxo, sem checkpoints intermediarios.
Tratar desenho como estatico, sem revisar pontos criticos por iteracao.
Separar metrologia e processo como se fossem ilhas.
Liberar lote sem criterio claro para features criticas.
Corrigir sintoma de variacao sem atacar causa de processo.

Checklist pratico para reduzir retrabalho invisivel:

Definir features criticas por etapa, nao apenas no final.
Padronizar criterio de aprovacao e registro.
Conectar medicao, ajuste de processo e rastreabilidade.

Na Lifetrek, esse alinhamento combina metrologia e disciplina de processo para aumentar previsibilidade de lote a lote.",caption/current reactions and available current metrics from LinkedIn admin page snapshot 2026-05-01; export metrics/link from lifetrek-medical_content_1777119153008.xls; matched current analytics CSV
3cb815a3eafa,2026-04-17,Rafael Almeida,4,Image,https://www.linkedin.com/feed/update/urn:li:activity:7450878611101958145,"Na manufatura de dispositivos médicos, precisão não é evento de inspeção final.",Statement,Problem-aware,Hook frames an operational or regulatory pain before selling a specific vendor.,Dimensional validation / metrology,,232,13,6.0465116,6,0,0,,215,6,0,0,,8.8372096,"Na manufatura de dispositivos médicos, precisão não é evento de inspeção final.

É consequência de controle de processo, plano de medição bem definido e disciplina em registrar cada ajuste antes do lote andar.

Quando metrologia e produção trabalham em ilhas, você só descobre o problema no fim: com retrabalho, refugo e risco de NC em lote crítico.

Para OEMs de saúde, amarrar esses pontos significa:
menos variação dimensional lote a lote,
menos surpresas na inspeção de recebimento,
mais previsibilidade na cadeia de fornecimento e nas auditorias ISO 13485.

Peça crítica não pode depender de “parece dentro”.

Ela precisa ter características críticas definidas, medidas com o método certo e ligadas ao histórico de processo.

#ManufaturaMedica
#Metrologia
#DispositivosMedicos
#ISO13485
#SupplyChain",caption/current reactions and available current metrics from LinkedIn admin page snapshot 2026-05-01; export metrics/link from lifetrek-medical_content_1777119153008.xls; matched current analytics CSV
dd4d7e1e8013,2026-04-20,Rafael Almeida,3,Image,,"Na manufatura médica, capacidade produtiva não é só ter máquinas.",Statement,Problem-aware,Hook frames an operational or regulatory pain before selling a specific vendor.,Capacity / predictable manufacturing,,874,91,11.43,35,0,0,,796,33,0,0,,15.58,"Na manufatura médica, capacidade produtiva não é só ter máquinas.
É ter processo, fluxo, controle e disciplina para transformar especificação técnica em lote consistente.

Para OEMs de saúde, isso muda a conversa: o fornecedor deixa de ser um ponto de incerteza e passa a ser parte da estratégia de continuidade, qualidade e escala.
Porque no fim, a pergunta não é apenas “quem consegue fabricar?”.

É “quem consegue fabricar com previsibilidade, rastreabilidade e padrão técnico todos os dias?”. ◆

#ManufaturaMedica
#DispositivosMedicos
#UsinagemCNC
#ISO13485
#SupplyChain",caption/current reactions and available current metrics from LinkedIn admin page snapshot 2026-05-01; no matching raw content export row; matched current analytics CSV
625ffa81fc35,2026-04-24,Rafael Almeida,1,Carousel / multi-image (2+ images visible),,"Em kits cirúrgicos OEM, cada novo fornecedor é mais um ponto de falha:",Statement,Product-aware,Reader is being shown why Lifetrek's specific capability or process is the answer.,Integrated OEM kits / supplier-risk reduction,,85,9,20.45,7,0,0,,44,5,0,0,,31.82,"Em kits cirúrgicos OEM, cada novo fornecedor é mais um ponto de falha:
mais handoff, mais prazo, mais risco de ruído na rastreabilidade.

Quando a bandeja passa por usinagem em um lugar, acabamento em outro, montagem em um terceiro e embalagem estéril em um quarto, quem segura o risco na auditoria não é o fornecedor – é o dono da marca.

Na Lifetrek Medical, integramos o fluxo do kit em uma única operação:

usinagem de componentes em tornos suíços,
acabamento e metrologia em CMM ZEISS,
montagem e embalagem em sala limpa ISO 7,
rastreabilidade alinhada à ISO 13485, com menos pontos cegos.

Para OEMs, isso significa menos transferências, menos atrito e um caminho mais previsível do lote até a bandeja cirúrgica, com menos ruído para qualidade, regulatório e supply chain.",caption/current reactions and available current metrics from LinkedIn admin page snapshot 2026-05-01; no matching raw content export row; matched current analytics CSV